{
    "Arbalest": {
        "debugMode": false,
        "lhPmcOffX": 16.25,
        "lhPmcOffY": -1.875,
        "lhPmcOffZ": -0.9380000233650208,
        "lhPmcRotPitch": -153.0,
        "lhPmcRotRoll": -56.25,
        "lhPmcRotYaw": -64.125,
        "lhSocket": "AnnG_handLeft_socket",
        "pmcOffX": -2.812999963760376,
        "pmcOffY": -0.31200000643730164,
        "pmcOffZ": 5.313000202178955,
        "pmcRotPitch": -4.5,
        "pmcRotRoll": 31.5,
        "pmcRotYaw": 1.125,
        "scaleX": 0.2930000126361847,
        "scaleY": 0.49900001287460327,
        "scaleZ": 0.37700000405311584,
        "slRotPitch": -3.375,
        "slRotYaw": 14.625
    },
    "HandGun": {
        "debugMode": false,
        "flDetectRadius": 25.082000732421875,
        "flOffX": 9.062000274658203,
        "flOffY": -22.187999725341797,
        "flOffZ": -4.375,
        "flRotPitch": -30.375,
        "flScaleX": 0.2370000034570694,
        "flScaleY": 0.28700000047683716,
        "flScaleZ": 0.2240000069141388,
        "lhOffX": 0.0,
        "lhOffY": 1.562000036239624,
        "lhScaleX": 0.27399998903274536,
        "lhScaleY": 0.16099999845027924,
        "lhScaleZ": 0.14300000667572021,
        "offX": -35.0,
        "offY": 43.75,
        "pmcOffX": -2.5,
        "pmcOffY": 1.562000036239624,
        "pmcOffZ": 0.0,
        "pmcRotPitch": -4.5,
        "pmcRotRoll": -1.125,
        "pmcRotYaw": 0.0,
        "scaleX": 0.08100000023841858,
        "slOffX": -0.31200000643730164,
        "slOffY": 3.125,
        "slOffZ": 2.812999963760376,
        "slRotPitch": 12.375
    },
    "MachineGun": {
        "debugMode": false,
        "lhPmcOffX": 3.125,
        "lhPmcOffY": 1.875,
        "lhPmcOffZ": 0.0,
        "lhPmcRotPitch": 27.0,
        "lhPmcRotRoll": 1.125,
        "lhPmcRotYaw": 23.625,
        "lhSocket": "SmrtG_handLeft_socket",
        "offX": -1.562000036239624,
        "offY": 35.625,
        "pmcOffZ": -0.31200000643730164,
        "pmcRotPitch": -3.375,
        "pmcRotRoll": -1.125,
        "scaleY": 0.597000002861023,
        "scaleZ": 0.3709999918937683
    },
    "ShotGun": {
        "debugMode": false,
        "lhPmcOffX": 11.562000274658203,
        "lhPmcOffY": 0.625,
        "lhPmcRotPitch": -141.75,
        "lhPmcRotRoll": -23.625,
        "lhPmcRotYaw": -124.875,
        "lhSocket": "SprdG_LeftHandHandle",
        "offX": -1.562000036239624,
        "offY": 43.4370002746582,
        "scaleX": 0.38600000739097595,
        "scaleY": 0.5040000081062317,
        "scaleZ": 0.46399998664855957,
        "slRotYaw": 18.0
    }
}