{
    "debugMode": false,
    "flDetectRadius": 25.082000732421875,
    "flOffX": 9.062000274658203,
    "flOffY": -22.187999725341797,
    "flOffZ": -4.375,
    "flRotPitch": -30.375,
    "flRotRoll": 0.0,
    "flRotYaw": 0.0,
    "flScaleX": 0.2370000034570694,
    "flScaleY": 0.28700000047683716,
    "flScaleZ": 0.2240000069141388,
    "forceTwoHand": false,
    "lhOffX": 0.0,
    "lhOffY": 1.562000036239624,
    "lhOffZ": 0.0,
    "lhPmcOffX": 3.125,
    "lhPmcOffY": 1.875,
    "lhPmcOffZ": 0.0,
    "lhPmcRotPitch": 27.0,
    "lhPmcRotRoll": 1.125,
    "lhPmcRotYaw": 23.625,
    "lhScaleX": 0.27399998903274536,
    "lhScaleY": 0.16099999845027924,
    "lhScaleZ": 0.14300000667572021,
    "lhSocket": "SmrtG_handLeft_socket",
    "offX": -1.562000036239624,
    "offY": 35.625,
    "offZ": 0.0,
    "pmcOffX": -2.812999963760376,
    "pmcOffY": -0.31200000643730164,
    "pmcOffZ": -0.31200000643730164,
    "pmcRotPitch": -3.375,
    "pmcRotRoll": -1.125,
    "pmcRotYaw": 1.125,
    "scaleX": 0.2930000126361847,
    "scaleY": 0.597000002861023,
    "scaleZ": 0.3709999918937683,
    "slOffX": -0.31200000643730164,
    "slOffY": 3.125,
    "slOffZ": 2.812999963760376,
    "slRotPitch": -3.375,
    "slRotRoll": 0.0,
    "slRotYaw": 14.625,
    "twoHandEnabled": true
}